"sector_id";"sector";"gerencia";"anyo";"mes";"data";"aigua_lliurada_m3";"aigua_consumida_m3";"ANR_porcentaje";"ANR_m3";"peso_ANR_total_porcentaje";"ranking_peso_ANR";"contadores_con_poblemas";"num_points";"prioridad_numero";"tipo_retroalimentacion";"recomendacion"
"3005";"La Mina";"Besòs";"2026";"Gener";"2026-01-01";"89311,00";"62474,00";"30,05";"26837,00";"18,07";"1";"30";"0";"1";"Prioridad crítica";"Actuar con prioridad máxima: localizar el origen del ANR, revisar fugas y subcontaje, e inspeccionar los contadores con problemas. Este sector representa el 18,07% del ANR total. Es una señal problemática porque el ANR es de 26837,00 m3 (30,05%) y cuanto más cercano a 0 sea el ANR, mejor."
"3024";"Carmel";"Barcelona Nord";"2026";"Gener";"2026-01-01";"62652,00";"47597,00";"24,03";"15055,00";"10,14";"2";"31";"0";"1";"Prioridad crítica";"Actuar con prioridad máxima: localizar el origen del ANR, revisar fugas y subcontaje, e inspeccionar los contadores con problemas. Este sector representa el 10,14% del ANR total. Es una señal problemática porque el ANR es de 15055,00 m3 (24,03%) y cuanto más cercano a 0 sea el ANR, mejor."
"3027";"Montgat Ter";"Besòs";"2026";"Gener";"2026-01-01";"33299,00";"19030,00";"42,85";"14269,00";"9,61";"3";"20";"5";"1";"Prioridad crítica";"Actuar con prioridad máxima: localizar el origen del ANR, revisar fugas y subcontaje, e inspeccionar los contadores con problemas. Este sector representa el 9,61% del ANR total. Es una señal problemática porque el ANR es de 14269,00 m3 (42,85%) y cuanto más cercano a 0 sea el ANR, mejor."
"3001";"Can Paulet";"Llobregat Sud";"2026";"Gener";"2026-01-01";"16455,00";"5576,00";"66,11";"10879,00";"7,32";"4";"7";"0";"1";"Prioridad crítica";"Actuar con prioridad máxima: localizar el origen del ANR, revisar fugas y subcontaje, e inspeccionar los contadores con problemas. Este sector representa el 7,32% del ANR total. Es una señal problemática porque el ANR es de 10879,00 m3 (66,11%) y cuanto más cercano a 0 sea el ANR, mejor."
"3037";"Can Espinós";"Llobregat Sud";"2026";"Gener";"2026-01-01";"7870,00";"157,00";"98,01";"7713,00";"5,19";"5";"";"0";"2";"Prioridad alta";"Programar revisión prioritaria de fugas y subcontaje, contrastando el ANR porcentual, su peso en el total y los contadores con problemas. Este sector representa el 5,19% del ANR total. Es una señal problemática porque el ANR es de 7713,00 m3 (98,01%) y cuanto más cercano a 0 sea el ANR, mejor."
"3011";"Moll Adossat";"Barcelona Sud";"2026";"Gener";"2026-01-01";"36420,00";"29111,00";"20,07";"7309,00";"4,92";"6";"19";"0";"2";"Prioridad alta";"Programar revisión prioritaria de fugas y subcontaje, contrastando el ANR porcentual, su peso en el total y los contadores con problemas. Este sector representa el 4,92% del ANR total. Es una señal problemática porque el ANR es de 7309,00 m3 (20,07%) y cuanto más cercano a 0 sea el ANR, mejor."
"3012";"Ciutat Meridiana";"Barcelona Nord";"2026";"Gener";"2026-01-01";"28245,00";"22113,00";"21,71";"6132,00";"4,13";"7";"5";"0";"2";"Prioridad alta";"Programar revisión prioritaria de fugas y subcontaje, contrastando el ANR porcentual, su peso en el total y los contadores con problemas. Este sector representa el 4,13% del ANR total. Es una señal problemática porque el ANR es de 6132,00 m3 (21,71%) y cuanto más cercano a 0 sea el ANR, mejor."
"3019";"Mas Guimbau Baix";"Barcelona Sud";"2026";"Gener";"2026-01-01";"6084,00";"467,00";"92,32";"5617,00";"3,78";"8";"1";"0";"2";"Prioridad alta";"Programar revisión prioritaria de fugas y subcontaje, contrastando el ANR porcentual, su peso en el total y los contadores con problemas. Este sector representa el 3,78% del ANR total. Es una señal problemática porque el ANR es de 5617,00 m3 (92,32%) y cuanto más cercano a 0 sea el ANR, mejor."
"3006";"La Ferreria";"Besòs";"2026";"Gener";"2026-01-01";"13221,00";"8509,00";"35,64";"4712,00";"3,17";"9";"12";"0";"2";"Prioridad alta";"Programar revisión prioritaria de fugas y subcontaje, contrastando el ANR porcentual, su peso en el total y los contadores con problemas. Este sector representa el 3,17% del ANR total. Es una señal problemática porque el ANR es de 4712,00 m3 (35,64%) y cuanto más cercano a 0 sea el ANR, mejor."
"3095";"Sant Climent Baix";"Llobregat Sud";"2026";"Gener";"2026-01-01";"10843,00";"6465,00";"40,38";"4378,00";"2,95";"10";"5";"0";"2";"Prioridad alta";"Programar revisión prioritaria de fugas y subcontaje, contrastando el ANR porcentual, su peso en el total y los contadores con problemas. Este sector representa el 2,95% del ANR total. Es una señal problemática porque el ANR es de 4378,00 m3 (40,38%) y cuanto más cercano a 0 sea el ANR, mejor."
"3016";"Torrelles";"Llobregat Sud";"2026";"Gener";"2026-01-01";"12036,00";"8088,00";"32,80";"3948,00";"2,66";"11";"11";"0";"2";"Prioridad alta";"Programar revisión prioritaria de fugas y subcontaje, contrastando el ANR porcentual, su peso en el total y los contadores con problemas. Este sector representa el 2,66% del ANR total. Es una señal problemática porque el ANR es de 3948,00 m3 (32,80%) y cuanto más cercano a 0 sea el ANR, mejor."
"3075";"Bellesguard";"Barcelona Sud";"2026";"Gener";"2026-01-01";"13952,00";"10118,00";"27,48";"3834,00";"2,58";"12";"16";"0";"2";"Prioridad alta";"Programar revisión prioritaria de fugas y subcontaje, contrastando el ANR porcentual, su peso en el total y los contadores con problemas. Este sector representa el 2,58% del ANR total. Es una señal problemática porque el ANR es de 3834,00 m3 (27,48%) y cuanto más cercano a 0 sea el ANR, mejor."
"3008";"Pallejà Alt";"Llobregat Sud";"2026";"Gener";"2026-01-01";"11453,00";"8098,00";"29,29";"3355,00";"2,26";"13";"16";"0";"2";"Prioridad alta";"Programar revisión prioritaria de fugas y subcontaje, contrastando el ANR porcentual, su peso en el total y los contadores con problemas. Este sector representa el 2,26% del ANR total. Es una señal problemática porque el ANR es de 3355,00 m3 (29,29%) y cuanto más cercano a 0 sea el ANR, mejor."
"3013";"Albarrosa Baix";"Llobregat Sud";"2026";"Gener";"2026-01-01";"11237,00";"8135,00";"27,61";"3102,00";"2,09";"14";"9";"0";"3";"Revisión de contadores";"Revisar y diagnosticar los contadores con problemas; después contrastar la evolución del ANR del sector. Este sector representa el 2,09% del ANR total. Es una señal problemática porque el ANR es de 3102,00 m3 (27,61%) y cuanto más cercano a 0 sea el ANR, mejor."
"3046";"Cesalpina Alt";"Llobregat Sud";"2026";"Gener";"2026-01-01";"6351,00";"3308,00";"47,91";"3043,00";"2,05";"15";"18";"0";"2";"Prioridad alta";"Programar revisión prioritaria de fugas y subcontaje, contrastando el ANR porcentual, su peso en el total y los contadores con problemas. Este sector representa el 2,05% del ANR total. Es una señal problemática porque el ANR es de 3043,00 m3 (47,91%) y cuanto más cercano a 0 sea el ANR, mejor."
"3020";"Can Caralleu";"Barcelona Sud";"2026";"Gener";"2026-01-01";"6816,00";"3826,00";"43,87";"2990,00";"2,01";"16";"5";"0";"2";"Prioridad alta";"Programar revisión prioritaria de fugas y subcontaje, contrastando el ANR porcentual, su peso en el total y los contadores con problemas. Este sector representa el 2,01% del ANR total. Es una señal problemática porque el ANR es de 2990,00 m3 (43,87%) y cuanto más cercano a 0 sea el ANR, mejor."
"3035";"Can Rectoret Alt";"Barcelona Sud";"2026";"Gener";"2026-01-01";"3593,00";"644,00";"82,08";"2949,00";"1,99";"17";"2";"0";"2";"Prioridad alta";"Programar revisión prioritaria de fugas y subcontaje, contrastando el ANR porcentual, su peso en el total y los contadores con problemas. Este sector representa el 1,99% del ANR total. Es una señal problemática porque el ANR es de 2949,00 m3 (82,08%) y cuanto más cercano a 0 sea el ANR, mejor."
"3034";"Can Rectoret Baix";"Barcelona Sud";"2026";"Gener";"2026-01-01";"3767,00";"1330,00";"64,69";"2437,00";"1,64";"18";"6";"0";"2";"Prioridad alta";"Programar revisión prioritaria de fugas y subcontaje, contrastando el ANR porcentual, su peso en el total y los contadores con problemas. Este sector representa el 1,64% del ANR total. Es una señal problemática porque el ANR es de 2437,00 m3 (64,69%) y cuanto más cercano a 0 sea el ANR, mejor."
"3031";"El Papiol Muntanya";"Llobregat Sud";"2026";"Gener";"2026-01-01";"8924,00";"6778,00";"24,05";"2146,00";"1,44";"19";"1";"0";"3";"Revisión de contadores";"Revisar y diagnosticar los contadores con problemas; después contrastar la evolución del ANR del sector. Este sector representa el 1,44% del ANR total. Es una señal problemática porque el ANR es de 2146,00 m3 (24,05%) y cuanto más cercano a 0 sea el ANR, mejor."
"3029";"Fontpineda Baix";"Llobregat Sud";"2026";"Gener";"2026-01-01";"8022,00";"5928,00";"26,10";"2094,00";"1,41";"20";"21";"0";"2";"Prioridad alta";"Programar revisión prioritaria de fugas y subcontaje, contrastando el ANR porcentual, su peso en el total y los contadores con problemas. Este sector representa el 1,41% del ANR total. Es una señal problemática porque el ANR es de 2094,00 m3 (26,10%) y cuanto más cercano a 0 sea el ANR, mejor."
"3030";"Fontpineda Alt";"Llobregat Sud";"2026";"Gener";"2026-01-01";"5102,00";"3035,00";"40,51";"2067,00";"1,39";"21";"13";"0";"2";"Prioridad alta";"Programar revisión prioritaria de fugas y subcontaje, contrastando el ANR porcentual, su peso en el total y los contadores con problemas. Este sector representa el 1,39% del ANR total. Es una señal problemática porque el ANR es de 2067,00 m3 (40,51%) y cuanto más cercano a 0 sea el ANR, mejor."
"3068";"Torre Baró Baix";"Barcelona Nord";"2026";"Gener";"2026-01-01";"4270,00";"2263,00";"47,00";"2007,00";"1,35";"22";"6";"42";"2";"Prioridad alta";"Programar revisión prioritaria de fugas y subcontaje, contrastando el ANR porcentual, su peso en el total y los contadores con problemas. Este sector representa el 1,35% del ANR total. Es una señal problemática porque el ANR es de 2007,00 m3 (47,00%) y cuanto más cercano a 0 sea el ANR, mejor."
"3056";"Torrent Dels Arcs";"Barcelona Sud";"2026";"Gener";"2026-01-01";"3149,00";"1514,00";"51,92";"1635,00";"1,10";"23";"5";"0";"2";"Prioridad alta";"Programar revisión prioritaria de fugas y subcontaje, contrastando el ANR porcentual, su peso en el total y los contadores con problemas. Este sector representa el 1,10% del ANR total. Es una señal problemática porque el ANR es de 1635,00 m3 (51,92%) y cuanto más cercano a 0 sea el ANR, mejor."
"3064";"Mas Sauró";"Barcelona Sud";"2026";"Gener";"2026-01-01";"1626,00";"66,00";"95,94";"1560,00";"1,05";"24";"";"0";"2";"Prioridad alta";"Programar revisión prioritaria de fugas y subcontaje, contrastando el ANR porcentual, su peso en el total y los contadores con problemas. Este sector representa el 1,05% del ANR total. Es una señal problemática porque el ANR es de 1560,00 m3 (95,94%) y cuanto más cercano a 0 sea el ANR, mejor."
"3076";"Collserola";"Barcelona Sud";"2026";"Gener";"2026-01-01";"6278,00";"4822,00";"23,19";"1456,00";"0,98";"25";"6";"0";"3";"Revisión de contadores";"Revisar y diagnosticar los contadores con problemas; después contrastar la evolución del ANR del sector. Este sector representa el 0,98% del ANR total. Es una señal problemática porque el ANR es de 1456,00 m3 (23,19%) y cuanto más cercano a 0 sea el ANR, mejor."
"3053";"Mas Guimbau Més Alt";"Barcelona Sud";"2026";"Gener";"2026-01-01";"1365,00";"64,00";"95,31";"1301,00";"0,88";"26";"2";"0";"2";"Prioridad alta";"Programar revisión prioritaria de fugas y subcontaje, contrastando el ANR porcentual, su peso en el total y los contadores con problemas. Este sector representa el 0,88% del ANR total. Es una señal problemática porque el ANR es de 1301,00 m3 (95,31%) y cuanto más cercano a 0 sea el ANR, mejor."
"3017";"Can Güell Ii";"Llobregat Sud";"2026";"Gener";"2026-01-01";"2132,00";"1222,00";"42,68";"910,00";"0,61";"27";"2";"0";"2";"Prioridad alta";"Programar revisión prioritaria de fugas y subcontaje, contrastando el ANR porcentual, su peso en el total y los contadores con problemas. Este sector representa el 0,61% del ANR total. Es una señal problemática porque el ANR es de 910,00 m3 (42,68%) y cuanto más cercano a 0 sea el ANR, mejor."
"3049";"Serra Margenat";"Barcelona Sud";"2026";"Gener";"2026-01-01";"1640,00";"766,00";"53,29";"874,00";"0,59";"28";"1";"0";"2";"Prioridad alta";"Programar revisión prioritaria de fugas y subcontaje, contrastando el ANR porcentual, su peso en el total y los contadores con problemas. Este sector representa el 0,59% del ANR total. Es una señal problemática porque el ANR es de 874,00 m3 (53,29%) y cuanto más cercano a 0 sea el ANR, mejor."
"3051";"Les Orioles";"Llobregat Sud";"2026";"Gener";"2026-01-01";"1664,00";"853,00";"48,74";"811,00";"0,55";"29";"8";"0";"2";"Prioridad alta";"Programar revisión prioritaria de fugas y subcontaje, contrastando el ANR porcentual, su peso en el total y los contadores con problemas. Este sector representa el 0,55% del ANR total. Es una señal problemática porque el ANR es de 811,00 m3 (48,74%) y cuanto más cercano a 0 sea el ANR, mejor."
"3096";"Sant Climent Alt";"Llobregat Sud";"2026";"Gener";"2026-01-01";"2017,00";"1265,00";"37,28";"752,00";"0,51";"30";"";"0";"4";"Seguimiento operativo";"Mantener seguimiento mensual del ANR y revisar el sector si aumenta su peso sobre el ANR total. Este sector representa el 0,51% del ANR total. Es una señal problemática porque el ANR es de 752,00 m3 (37,28%) y cuanto más cercano a 0 sea el ANR, mejor."
"3057";"Pere Quart";"Besòs";"2026";"Gener";"2026-01-01";"1537,00";"1077,00";"29,93";"460,00";"0,31";"31";"2";"0";"3";"Revisión de contadores";"Revisar y diagnosticar los contadores con problemas; después contrastar la evolución del ANR del sector. Este sector representa el 0,31% del ANR total. Es una señal problemática porque el ANR es de 460,00 m3 (29,93%) y cuanto más cercano a 0 sea el ANR, mejor."
"3067";"Torre Baró Alt";"Barcelona Nord";"2026";"Gener";"2026-01-01";"1254,00";"884,00";"29,51";"370,00";"0,25";"32";"1";"12";"3";"Revisión de contadores";"Revisar y diagnosticar los contadores con problemas; después contrastar la evolución del ANR del sector. Este sector representa el 0,25% del ANR total. Es una señal problemática porque el ANR es de 370,00 m3 (29,51%) y cuanto más cercano a 0 sea el ANR, mejor."
"3065";"Font Del Mont";"Barcelona Sud";"2026";"Gener";"2026-01-01";"938,00";"575,00";"38,70";"363,00";"0,24";"33";"";"0";"4";"Seguimiento operativo";"Mantener seguimiento mensual del ANR y revisar el sector si aumenta su peso sobre el ANR total. Este sector representa el 0,24% del ANR total. Es una señal problemática porque el ANR es de 363,00 m3 (38,70%) y cuanto más cercano a 0 sea el ANR, mejor."
"3044";"Can Guey V";"Llobregat Sud";"2026";"Gener";"2026-01-01";"785,00";"454,00";"42,17";"331,00";"0,22";"34";"";"0";"2";"Prioridad alta";"Programar revisión prioritaria de fugas y subcontaje, contrastando el ANR porcentual, su peso en el total y los contadores con problemas. Este sector representa el 0,22% del ANR total. Es una señal problemática porque el ANR es de 331,00 m3 (42,17%) y cuanto más cercano a 0 sea el ANR, mejor."
"3041";"Can Güell V";"Llobregat Sud";"2026";"Gener";"2026-01-01";"1449,00";"1157,00";"20,15";"292,00";"0,20";"35";"14";"0";"2";"Prioridad alta";"Programar revisión prioritaria de fugas y subcontaje, contrastando el ANR porcentual, su peso en el total y los contadores con problemas. Este sector representa el 0,20% del ANR total. Es una señal problemática porque el ANR es de 292,00 m3 (20,15%) y cuanto más cercano a 0 sea el ANR, mejor."
"3050";"Passeig Mirador";"Barcelona Sud";"2026";"Gener";"2026-01-01";"835,00";"624,00";"25,27";"211,00";"0,14";"36";"2";"0";"3";"Revisión de contadores";"Revisar y diagnosticar los contadores con problemas; después contrastar la evolución del ANR del sector. Este sector representa el 0,14% del ANR total. Es una señal problemática porque el ANR es de 211,00 m3 (25,27%) y cuanto más cercano a 0 sea el ANR, mejor."
"3033";"Mas Guimbau Alt";"Barcelona Sud";"2026";"Gener";"2026-01-01";"675,00";"536,00";"20,59";"139,00";"0,09";"37";"";"0";"4";"Seguimiento operativo";"Mantener seguimiento mensual del ANR y revisar el sector si aumenta su peso sobre el ANR total. Este sector representa el 0,09% del ANR total. Es una señal problemática porque el ANR es de 139,00 m3 (20,59%) y cuanto más cercano a 0 sea el ANR, mejor."
"3089";"Torreó Castell";"Llobregat Nord";"2026";"Gener";"2026-01-01";"110,00";"15,00";"86,36";"95,00";"0,06";"38";"1";"0";"2";"Prioridad alta";"Programar revisión prioritaria de fugas y subcontaje, contrastando el ANR porcentual, su peso en el total y los contadores con problemas. Este sector representa el 0,06% del ANR total. Es una señal problemática porque el ANR es de 95,00 m3 (86,36%) y cuanto más cercano a 0 sea el ANR, mejor."
"3088";"Santa Amàlia";"Barcelona Sud";"2026";"Gener";"2026-01-01";"438,00";"347,00";"20,78";"91,00";"0,06";"39";"5";"0";"3";"Revisión de contadores";"Revisar y diagnosticar los contadores con problemas; después contrastar la evolución del ANR del sector. Este sector representa el 0,06% del ANR total. Es una señal problemática porque el ANR es de 91,00 m3 (20,78%) y cuanto más cercano a 0 sea el ANR, mejor."
