"sector_id";"sector";"gerencia";"año";"mes";"data";"agua_lliurada_hm3";"agua_consumida_hm3";"ANR_hm3";"RTH";"Qmin";"contadores_con_problemas";"contadores_subcontaje";"num_points";"prioridad_numero";"tipo_retroalimentacion";"recomendacion"
"3001";"Can Paulet";"Llobregat Sud";"2026";"Gener";"2026-01-01";"0.016455";"0.005576";"0.010879";"0.3388635673047706";"1.76";"7";"621";"0";"1";"Prioridad alta";"Revisar posibles fugas, subcontaje y estado de contadores mediante contraste operativo en el sector."
"3003";"Can Ruti";"Besòs";"2026";"Gener";"2026-01-01";"0.014395";"0.012858";"0.0015370000000000002";"0.893226814866273";"2.44";"5";"130";"0";"2";"Revisión preventiva";"El rendimiento es favorable, pero conviene revisar los contadores con incidencias."
"3004";"Tibidabo";"Barcelona Sud";"2026";"Gener";"2026-01-01";"0.00322";"0.002709";"0.0005110000000000002";"0.8413043478260869";"0.28";"";"27";"0";"1";"Prioridad alta";"Revisar posibles fugas, subcontaje y estado de contadores mediante contraste operativo en el sector."
"3005";"La Mina";"Besòs";"2026";"Gener";"2026-01-01";"0.089311";"0.062474";"0.026837";"0.6995106985701649";"11.28";"30";"4156";"0";"1";"Prioridad alta";"Revisar posibles fugas, subcontaje y estado de contadores mediante contraste operativo en el sector."
"3006";"La Ferreria";"Besòs";"2026";"Gener";"2026-01-01";"0.013221";"0.008509";"0.004712000000000001";"0.6435973073141215";"0.5";"12";"186";"0";"1";"Prioridad alta";"Revisar posibles fugas, subcontaje y estado de contadores mediante contraste operativo en el sector."
"3007";"Montgat Mar";"Besòs";"2026";"Gener";"2026-01-01";"0.020434";"0.019412";"0.001022000000000002";"0.9499853185866691";"1";"19";"2322";"0";"2";"Revisión preventiva";"El rendimiento es favorable, pero conviene revisar los contadores con incidencias."
"3008";"Pallejà Alt";"Llobregat Sud";"2026";"Gener";"2026-01-01";"0.011453";"0.008098";"0.0033550000000000003";"0.7070636514450362";"1.16";"16";"978";"0";"1";"Prioridad alta";"Revisar posibles fugas, subcontaje y estado de contadores mediante contraste operativo en el sector."
"3009";"El Papiol Industrial";"Llobregat Sud";"2026";"Gener";"2026-01-01";"0.004802";"0.004622";"0.0001799999999999996";"0.9625156184922949";"0.17";"6";"183";"0";"2";"Revisión preventiva";"El rendimiento es favorable, pero conviene revisar los contadores con incidencias."
"3011";"Moll Adossat";"Barcelona Sud";"2026";"Gener";"2026-01-01";"0.03642";"0.029111";"0.0073089999999999995";"0.7993135639758374";"3.17";"19";"237";"0";"1";"Prioridad alta";"Revisar posibles fugas, subcontaje y estado de contadores mediante contraste operativo en el sector."
"3012";"Ciutat Meridiana";"Barcelona Nord";"2026";"Gener";"2026-01-01";"0.028245";"0.022113";"0.0061319999999999986";"0.7828996282527881";"2.9";"5";"2432";"0";"1";"Prioridad alta";"Revisar posibles fugas, subcontaje y estado de contadores mediante contraste operativo en el sector."
"3013";"Albarrosa Baix";"Llobregat Sud";"2026";"Gener";"2026-01-01";"0.011237";"0.008135";"0.0031020000000000006";"0.7239476728664234";"1.33";"9";"857";"0";"1";"Prioridad alta";"Revisar posibles fugas, subcontaje y estado de contadores mediante contraste operativo en el sector."
"3014";"Guinardera Baix";"Besòs";"2026";"Gener";"2026-01-01";"0.003563";"0.003381";"0.0001820000000000003";"0.9489194499017681";"0.06";"4";"412";"0";"2";"Revisión preventiva";"El rendimiento es favorable, pero conviene revisar los contadores con incidencias."
"3015";"Vallvidrera Alt";"Barcelona Sud";"2026";"Gener";"2026-01-01";"0.003443";"0.002779";"0.0006640000000000001";"0.8071449317455707";"0.07";"3";"166";"0";"1";"Prioridad alta";"Revisar posibles fugas, subcontaje y estado de contadores mediante contraste operativo en el sector."
"3016";"Torrelles";"Llobregat Sud";"2026";"Gener";"2026-01-01";"0.012036";"0.008088";"0.003948";"0.6719840478564307";"1";"11";"997";"0";"1";"Prioridad alta";"Revisar posibles fugas, subcontaje y estado de contadores mediante contraste operativo en el sector."
"3017";"Can Güell Ii";"Llobregat Sud";"2026";"Gener";"2026-01-01";"0.002132";"0.001222";"0.0009100000000000002";"0.573170731707317";"0.08";"2";"135";"0";"1";"Prioridad alta";"Revisar posibles fugas, subcontaje y estado de contadores mediante contraste operativo en el sector."
"3019";"Mas Guimbau Baix";"Barcelona Sud";"2026";"Gener";"2026-01-01";"0.006084";"0.000467";"0.005617";"0.076758711374096";"1.87";"1";"66";"0";"1";"Prioridad alta";"Revisar posibles fugas, subcontaje y estado de contadores mediante contraste operativo en el sector."
"3020";"Can Caralleu";"Barcelona Sud";"2026";"Gener";"2026-01-01";"0.006816";"0.003826";"0.00299";"0.5613262910798122";"0.67";"5";"114";"0";"1";"Prioridad alta";"Revisar posibles fugas, subcontaje y estado de contadores mediante contraste operativo en el sector."
"3021";"Budellera";"Barcelona Sud";"2026";"Gener";"2026-01-01";"0.021241";"0.019313";"0.0019279999999999992";"0.9092321453792195";"2.24";"2";"39";"0";"2";"Revisión preventiva";"El rendimiento es favorable, pero conviene revisar los contadores con incidencias."
"3024";"Carmel";"Barcelona Nord";"2026";"Gener";"2026-01-01";"0.062652";"0.047597";"0.015054999999999999";"0.7597043989018707";"5.55";"31";"6284";"0";"1";"Prioridad alta";"Revisar posibles fugas, subcontaje y estado de contadores mediante contraste operativo en el sector."
"3025";"Santa Coloma De Cervelló Centre";"Llobregat Sud";"2026";"Gener";"2026-01-01";"0.011642";"0.010247";"0.0013950000000000004";"0.8801752276241195";"0.47";"6";"1200";"0";"2";"Revisión preventiva";"El rendimiento es favorable, pero conviene revisar los contadores con incidencias."
"3026";"Flor De Maig";"Besòs";"2026";"Gener";"2026-01-01";"0.006757";"0.005678";"0.001079";"0.8403137487050466";"0.5";"11";"149";"0";"1";"Prioridad alta";"Revisar posibles fugas, subcontaje y estado de contadores mediante contraste operativo en el sector."
"3027";"Montgat Ter";"Besòs";"2026";"Gener";"2026-01-01";"0.033299";"0.01903";"0.014269000000000004";"0.5714886332922909";"2.06";"20";"2228";"5";"1";"Prioridad alta";"Revisar posibles fugas, subcontaje y estado de contadores mediante contraste operativo en el sector."
"3028";"Pallejà Baix";"Llobregat Sud";"2026";"Gener";"2026-01-01";"0.017672";"0.014654";"0.003018";"0.8292213671344499";"0.94";"9";"1715";"0";"1";"Prioridad alta";"Revisar posibles fugas, subcontaje y estado de contadores mediante contraste operativo en el sector."
"3029";"Fontpineda Baix";"Llobregat Sud";"2026";"Gener";"2026-01-01";"0.008022";"0.005928";"0.0020939999999999995";"0.7389678384442783";"0.83";"21";"536";"0";"1";"Prioridad alta";"Revisar posibles fugas, subcontaje y estado de contadores mediante contraste operativo en el sector."
"3030";"Fontpineda Alt";"Llobregat Sud";"2026";"Gener";"2026-01-01";"0.005102";"0.003035";"0.002067";"0.5948647589180713";"0.93";"13";"203";"0";"1";"Prioridad alta";"Revisar posibles fugas, subcontaje y estado de contadores mediante contraste operativo en el sector."
"3031";"El Papiol Muntanya";"Llobregat Sud";"2026";"Gener";"2026-01-01";"0.008924";"0.006778";"0.0021459999999999995";"0.7595248767368893";"0.67";"1";"752";"0";"1";"Prioridad alta";"Revisar posibles fugas, subcontaje y estado de contadores mediante contraste operativo en el sector."
"3032";"El Papiol Centre";"Llobregat Sud";"2026";"Gener";"2026-01-01";"0.009987";"0.00941";"0.0005769999999999994";"0.9422248923600681";"0.66";"13";"1096";"0";"2";"Revisión preventiva";"El rendimiento es favorable, pero conviene revisar los contadores con incidencias."
"3033";"Mas Guimbau Alt";"Barcelona Sud";"2026";"Gener";"2026-01-01";"0.000675";"0.000536";"0.00013900000000000002";"0.794074074074074";"0.01";"";"56";"0";"1";"Prioridad alta";"Revisar posibles fugas, subcontaje y estado de contadores mediante contraste operativo en el sector."
"3034";"Can Rectoret Baix";"Barcelona Sud";"2026";"Gener";"2026-01-01";"0.003767";"0.00133";"0.002437";"0.3530661003451022";"0.72";"6";"133";"0";"1";"Prioridad alta";"Revisar posibles fugas, subcontaje y estado de contadores mediante contraste operativo en el sector."
"3035";"Can Rectoret Alt";"Barcelona Sud";"2026";"Gener";"2026-01-01";"0.003593";"0.000644";"0.002949";"0.1792374060673532";"0.23";"2";"74";"0";"1";"Prioridad alta";"Revisar posibles fugas, subcontaje y estado de contadores mediante contraste operativo en el sector."
"3037";"Can Espinós";"Llobregat Sud";"2026";"Gener";"2026-01-01";"0.00787";"0.000157";"0.007713";"0.019949174078780177";"1.5";"";"15";"0";"1";"Prioridad alta";"Revisar posibles fugas, subcontaje y estado de contadores mediante contraste operativo en el sector."
"3038";"Bellaterra";"Besòs";"2026";"Gener";"2026-01-01";"0.013893";"0.012333";"0.0015600000000000006";"0.887713236881883";"0.6";"21";"727";"0";"2";"Revisión preventiva";"El rendimiento es favorable, pero conviene revisar los contadores con incidencias."
"3039";"Tres Pins";"Barcelona Sud";"2026";"Gener";"2026-01-01";"0.016783";"0.01496";"0.001823";"0.8913781803014955";"3.11";"34";"109";"0";"2";"Revisión preventiva";"El rendimiento es favorable, pero conviene revisar los contadores con incidencias."
"3040";"Can Güell Iii";"Llobregat Sud";"2026";"Gener";"2026-01-01";"0.001388";"0.001269";"0.00011899999999999997";"0.9142651296829971";"0.09";"8";"147";"0";"2";"Revisión preventiva";"El rendimiento es favorable, pero conviene revisar los contadores con incidencias."
"3041";"Can Güell V";"Llobregat Sud";"2026";"Gener";"2026-01-01";"0.001449";"0.001157";"0.00029199999999999994";"0.7984817115251899";"0.11";"14";"135";"0";"1";"Prioridad alta";"Revisar posibles fugas, subcontaje y estado de contadores mediante contraste operativo en el sector."
"3044";"Can Guey V";"Llobregat Sud";"2026";"Gener";"2026-01-01";"0.000785";"0.000454";"0.000331";"0.578343949044586";"0.07";"";"60";"0";"1";"Prioridad alta";"Revisar posibles fugas, subcontaje y estado de contadores mediante contraste operativo en el sector."
"3046";"Cesalpina Alt";"Llobregat Sud";"2026";"Gener";"2026-01-01";"0.006351";"0.003308";"0.0030429999999999997";"0.5208628562431113";"0.87";"18";"411";"0";"1";"Prioridad alta";"Revisar posibles fugas, subcontaje y estado de contadores mediante contraste operativo en el sector."
"3048";"Uab";"Besòs";"2026";"Gener";"2026-01-01";"0.00108";"0.001019";"0.00006100000000000007";"0.9435185185185184";"0.03";"1";"88";"0";"2";"Revisión preventiva";"El rendimiento es favorable, pero conviene revisar los contadores con incidencias."
"3049";"Serra Margenat";"Barcelona Sud";"2026";"Gener";"2026-01-01";"0.00164";"0.000766";"0.000874";"0.4670731707317073";"0.09";"1";"57";"0";"1";"Prioridad alta";"Revisar posibles fugas, subcontaje y estado de contadores mediante contraste operativo en el sector."
"3050";"Passeig Mirador";"Barcelona Sud";"2026";"Gener";"2026-01-01";"0.000835";"0.000624";"0.00021100000000000003";"0.7473053892215569";"0.04";"2";"29";"0";"1";"Prioridad alta";"Revisar posibles fugas, subcontaje y estado de contadores mediante contraste operativo en el sector."
"3051";"Les Orioles";"Llobregat Sud";"2026";"Gener";"2026-01-01";"0.001664";"0.000853";"0.0008109999999999999";"0.5126201923076924";"0.25";"8";"103";"0";"1";"Prioridad alta";"Revisar posibles fugas, subcontaje y estado de contadores mediante contraste operativo en el sector."
"3052";"Guinardera Alt";"Besòs";"2026";"Gener";"2026-01-01";"";"";"";"";"";"1";"131";"0";"2";"Revisión preventiva";"El rendimiento es favorable, pero conviene revisar los contadores con incidencias."
"3053";"Mas Guimbau Més Alt";"Barcelona Sud";"2026";"Gener";"2026-01-01";"0.001365";"0.000064";"0.0013009999999999999";"0.046886446886446886";"0.01";"2";"15";"0";"1";"Prioridad alta";"Revisar posibles fugas, subcontaje y estado de contadores mediante contraste operativo en el sector."
"3054";"Pallejà Centre";"Llobregat Sud";"2026";"Gener";"2026-01-01";"0.012659";"0.01181";"0.0008490000000000008";"0.932933091081444";"0.5";"2";"1685";"0";"2";"Revisión preventiva";"El rendimiento es favorable, pero conviene revisar los contadores con incidencias."
"3056";"Torrent Dels Arcs";"Barcelona Sud";"2026";"Gener";"2026-01-01";"0.003149";"0.001514";"0.001635";"0.4807875516036837";"0.54";"5";"86";"0";"1";"Prioridad alta";"Revisar posibles fugas, subcontaje y estado de contadores mediante contraste operativo en el sector."
"3057";"Pere Quart";"Besòs";"2026";"Gener";"2026-01-01";"0.001537";"0.001077";"0.0004599999999999999";"0.7007156798959011";"0.04";"2";"99";"0";"1";"Prioridad alta";"Revisar posibles fugas, subcontaje y estado de contadores mediante contraste operativo en el sector."
"3058";"Bonavista Alt";"Besòs";"2026";"Gener";"2026-01-01";"0.003035";"0.00274";"0.0002950000000000001";"0.9028006589785832";"0.13";"2";"321";"0";"2";"Revisión preventiva";"El rendimiento es favorable, pero conviene revisar los contadores con incidencias."
"3059";"La Rodera-Costa Fustera";"Llobregat Sud";"2026";"Gener";"2026-01-01";"0.007244";"0.006777";"0.00046699999999999953";"0.9355328547763667";"0.5";"6";"801";"0";"2";"Revisión preventiva";"El rendimiento es favorable, pero conviene revisar los contadores con incidencias."
"3061";"Montbau";"Barcelona Nord";"2026";"Gener";"2026-01-01";"0.025197";"0.0245";"0.0006969999999999997";"0.972337976743263";"1.56";"12";"1867";"0";"2";"Revisión preventiva";"El rendimiento es favorable, pero conviene revisar los contadores con incidencias."
"3062";"Torrelletes Alt";"Llobregat Sud";"2026";"Gener";"2026-01-01";"0";"0.000016";"-0.000016";"";"0";"";"5";"0";"2";"Revisión preventiva";"El rendimiento es favorable, pero conviene revisar los contadores con incidencias."
"3063";"Vista Rica";"Barcelona Nord";"2026";"Gener";"2026-01-01";"0.002306";"0.002191";"0.00011500000000000008";"0.9501300954032957";"0.2";"1";"13";"0";"2";"Revisión preventiva";"El rendimiento es favorable, pero conviene revisar los contadores con incidencias."
"3064";"Mas Sauró";"Barcelona Sud";"2026";"Gener";"2026-01-01";"0.001626";"0.000066";"0.00156";"0.04059040590405904";"0.11";"";"10";"0";"1";"Prioridad alta";"Revisar posibles fugas, subcontaje y estado de contadores mediante contraste operativo en el sector."
"3065";"Font Del Mont";"Barcelona Sud";"2026";"Gener";"2026-01-01";"0.000938";"0.000575";"0.00036300000000000004";"0.6130063965884861";"0.01";"";"50";"0";"1";"Prioridad alta";"Revisar posibles fugas, subcontaje y estado de contadores mediante contraste operativo en el sector."
"3066";"Vallvidrera Baix";"Barcelona Sud";"2026";"Gener";"2026-01-01";"0.010436";"0.008619";"0.001817000000000001";"0.8258911460329628";"0.81";"20";"744";"0";"1";"Prioridad alta";"Revisar posibles fugas, subcontaje y estado de contadores mediante contraste operativo en el sector."
"3067";"Torre Baró Alt";"Barcelona Nord";"2026";"Gener";"2026-01-01";"0.001254";"0.000884";"0.0003699999999999999";"0.7049441786283892";"0.02";"1";"78";"12";"1";"Prioridad alta";"Revisar posibles fugas, subcontaje y estado de contadores mediante contraste operativo en el sector."
"3068";"Torre Baró Baix";"Barcelona Nord";"2026";"Gener";"2026-01-01";"0.00427";"0.002263";"0.0020070000000000005";"0.5299765807962529";"0.51";"6";"208";"42";"1";"Prioridad alta";"Revisar posibles fugas, subcontaje y estado de contadores mediante contraste operativo en el sector."
"3069";"Bellsoleig Alt";"Llobregat Nord";"2026";"Gener";"2026-01-01";"0.002319";"0.002205";"0.00011399999999999995";"0.9508408796895214";"0.14";"2";"152";"0";"2";"Revisión preventiva";"El rendimiento es favorable, pero conviene revisar los contadores con incidencias."
"3070";"Horta";"Barcelona Nord";"2026";"Gener";"2026-01-01";"0.115122";"0.102168";"0.012954000000000007";"0.8874758951373325";"10.94";"68";"13212";"0";"2";"Revisión preventiva";"El rendimiento es favorable, pero conviene revisar los contadores con incidencias."
"3072";"Sarrià";"Barcelona Sud";"2026";"Gener";"2026-01-01";"0.113422";"0.093037";"0.020385";"0.820272962917247";"13";"58";"8199";"0";"1";"Prioridad alta";"Revisar posibles fugas, subcontaje y estado de contadores mediante contraste operativo en el sector."
"3073";"Vall D'Hebron";"Barcelona Nord";"2026";"Gener";"2026-01-01";"0.019593";"0.018676";"0.0009169999999999977";"0.9531975705609147";"1.44";"";"1888";"0";"2";"Revisión preventiva";"El rendimiento es favorable, pero conviene revisar los contadores con incidencias."
"3074";"Borràs";"Barcelona Sud";"2026";"Gener";"2026-01-01";"0.008165";"0.007298";"0.0008670000000000006";"0.8938150642988364";"0.48";"7";"702";"0";"2";"Revisión preventiva";"El rendimiento es favorable, pero conviene revisar los contadores con incidencias."
"3075";"Bellesguard";"Barcelona Sud";"2026";"Gener";"2026-01-01";"0.013952";"0.010118";"0.0038340000000000006";"0.7252006880733944";"2.11";"16";"277";"0";"1";"Prioridad alta";"Revisar posibles fugas, subcontaje y estado de contadores mediante contraste operativo en el sector."
"3076";"Collserola";"Barcelona Sud";"2026";"Gener";"2026-01-01";"0.006278";"0.004822";"0.0014559999999999998";"0.7680790060528832";"0.5";"6";"220";"0";"1";"Prioridad alta";"Revisar posibles fugas, subcontaje y estado de contadores mediante contraste operativo en el sector."
"3078";"Gavà Centre";"Llobregat Sud";"2026";"Gener";"2026-01-01";"0.081826";"0.070627";"0.011199";"0.8631364114095764";"6.89";"38";"8601";"0";"2";"Revisión preventiva";"El rendimiento es favorable, pero conviene revisar los contadores con incidencias."
"3080";"Sant Boi Industrial";"Llobregat Sud";"2026";"Gener";"2026-01-01";"0.070129";"0.062872";"0.0072569999999999996";"0.8965192716279998";"5.22";"";"2";"0";"2";"Revisión preventiva";"El rendimiento es favorable, pero conviene revisar los contadores con incidencias."
"3081";"Gavà Dipòsit";"Llobregat Sud";"2026";"Gener";"2026-01-01";"0.042147";"0.037869";"0.004277999999999997";"0.8984981137447505";"2.94";"20";"4800";"0";"2";"Revisión preventiva";"El rendimiento es favorable, pero conviene revisar los contadores con incidencias."
"3082";"Can Palmer";"Llobregat Sud";"2026";"Gener";"2026-01-01";"0.063845";"0.0609";"0.0029449999999999962";"0.9538726603492835";"6.5";"33";"7479";"0";"2";"Revisión preventiva";"El rendimiento es favorable, pero conviene revisar los contadores con incidencias."
"3083";"Viladecans Centre";"Llobregat Sud";"2026";"Gener";"2026-01-01";"0.092842";"0.08333";"0.009511999999999993";"0.8975463691001918";"6.61";"20";"10638";"0";"2";"Revisión preventiva";"El rendimiento es favorable, pero conviene revisar los contadores con incidencias."
"3084";"Camps Blancs";"Llobregat Sud";"2026";"Gener";"2026-01-01";"0.029257";"0.026534";"0.0027229999999999997";"0.9069282564856274";"2.28";"18";"2111";"0";"2";"Revisión preventiva";"El rendimiento es favorable, pero conviene revisar los contadores con incidencias."
"3086";"Castelldefels Centre";"Llobregat Sud";"2026";"Gener";"2026-01-01";"0.053248";"0.048811";"0.0044369999999999965";"0.9166729266826924";"3.28";"9";"5265";"0";"2";"Revisión preventiva";"El rendimiento es favorable, pero conviene revisar los contadores con incidencias."
"3088";"Santa Amàlia";"Barcelona Sud";"2026";"Gener";"2026-01-01";"0.000438";"0.000347";"0.00009100000000000004";"0.7922374429223743";"0";"5";"12";"0";"1";"Prioridad alta";"Revisar posibles fugas, subcontaje y estado de contadores mediante contraste operativo en el sector."
"3089";"Torreó Castell";"Llobregat Nord";"2026";"Gener";"2026-01-01";"0.00011";"0.000015";"0.000095";"0.13636363636363635";"0";"1";"3";"0";"1";"Prioridad alta";"Revisar posibles fugas, subcontaje y estado de contadores mediante contraste operativo en el sector."
"3090";"Albarrosa Alt";"Llobregat Sud";"2026";"Gener";"2026-01-01";"0.000413";"0.000351";"0.00006199999999999999";"0.8498789346246973";"0";"";"37";"0";"1";"Prioridad alta";"Revisar posibles fugas, subcontaje y estado de contadores mediante contraste operativo en el sector."
"3092";"Can Roca";"Llobregat Sud";"2026";"Gener";"2026-01-01";"0.042072";"0.036409";"0.005663000000000001";"0.865397413957026";"4";"30";"4544";"0";"2";"Revisión preventiva";"El rendimiento es favorable, pero conviene revisar los contadores con incidencias."
"3093";"La Sentiu";"Llobregat Sud";"2026";"Gener";"2026-01-01";"0.001168";"0.000979";"0.00018899999999999993";"0.8381849315068494";"0";"2";"96";"0";"1";"Prioridad alta";"Revisar posibles fugas, subcontaje y estado de contadores mediante contraste operativo en el sector."
"3094";"Montemar";"Llobregat Sud";"2026";"Gener";"2026-01-01";"0.001424";"0.001259";"0.000165";"0.8841292134831461";"0.94";"1";"114";"0";"2";"Revisión preventiva";"El rendimiento es favorable, pero conviene revisar los contadores con incidencias."
"3095";"Sant Climent Baix";"Llobregat Sud";"2026";"Gener";"2026-01-01";"0.010843";"0.006465";"0.004378";"0.5962372037259062";"1.83";"5";"742";"0";"1";"Prioridad alta";"Revisar posibles fugas, subcontaje y estado de contadores mediante contraste operativo en el sector."
"3096";"Sant Climent Alt";"Llobregat Sud";"2026";"Gener";"2026-01-01";"0.002017";"0.001265";"0.0007520000000000001";"0.6271690629647992";"0.06";"";"130";"0";"1";"Prioridad alta";"Revisar posibles fugas, subcontaje y estado de contadores mediante contraste operativo en el sector."
"3097";"Sant Genís Baix";"Barcelona Nord";"2026";"Gener";"2026-01-01";"0.093453";"0.081963";"0.01149";"0.8770504959712369";"12.11";"58";"6577";"0";"2";"Revisión preventiva";"El rendimiento es favorable, pero conviene revisar los contadores con incidencias."
"3098";"Sant Genís Alt";"Barcelona Nord";"2026";"Gener";"2026-01-01";"0.004461";"0.004188";"0.0002729999999999998";"0.9388029589778077";"0.18";"6";"513";"20";"2";"Revisión preventiva";"El rendimiento es favorable, pero conviene revisar los contadores con incidencias."
